No,Digimon,Stage,Type,Attribute,Memory,Equip Slots,HP,SP,Atk,Def,Int,Spd,Image
1,Kuramon,Baby,Free,Neutral,2,0,590,77,79,69,68,95,http://digidb.io/images/dot/dot629.png
2,Pabumon,Baby,Free,Neutral,2,0,950,62,76,76,69,68,http://digidb.io/images/dot/dot387.png
3,Punimon,Baby,Free,Neutral,2,0,870,50,97,87,50,75,http://digidb.io/images/dot/dot437.png
4,Botamon,Baby,Free,Neutral,2,0,690,68,77,95,76,61,http://digidb.io/images/dot/dot317.png
5,Poyomon,Baby,Free,Neutral,2,0,540,98,54,59,95,86,http://digidb.io/images/dot/dot320.png
6,Arcadiamon In-Tr.,In-Training,Free,Dark,3,0,720,85,86,59,81,93,http://digidb.io/images/dot/dot062.png
7,Koromon,In-Training,Free,Fire,3,0,940,52,109,93,52,76,http://digidb.io/images/dot/dot322.png
8,Tanemon,In-Training,Free,Plant,3,0,1030,64,85,82,73,69,http://digidb.io/images/dot/dot512.png
9,Tsunomon,In-Training,Free,Earth,3,0,930,54,107,92,54,76,http://digidb.io/images/dot/dot438.png
10,Tsumemon,In-Training,Free,Dark,3,0,930,64,108,64,54,93,http://digidb.io/images/dot/dot631.png
11,Tokomon,In-Training,Free,Neutral,3,0,640,86,76,74,74,103,http://digidb.io/images/dot/dot325.png
12,Nyaromon,In-Training,Free,Light,3,0,540,107,54,64,103,94,http://digidb.io/images/dot/dot515.png
13,Pagumon,In-Training,Free,Dark,3,0,550,103,60,63,102,93,http://digidb.io/images/dot/dot567.png
14,Yokomon,In-Training,Free,Plant,3,0,1040,64,82,82,75,69,http://digidb.io/images/dot/dot510.png
15,Bukamon,In-Training,Free,Water,3,0,830,93,54,74,103,69,http://digidb.io/images/dot/dot514.png
16,Motimon,In-Training,Free,Neutral,3,0,1030,63,82,81,78,69,http://digidb.io/images/dot/dot388.png
17,Wanyamon,In-Training,Free,Wind,3,0,830,82,79,75,75,82,http://digidb.io/images/dot/dot321.png
18,Agumon,Rookie,Vaccine,Fire,5,1,1030,59,131,103,54,86,http://digidb.io/images/dot/dot050.png
19,Agumon (Blk),Rookie,Virus,Fire,5,1,1020,56,124,108,56,85,http://digidb.io/images/dot/dot143.png
20,Arcadiamon Rookie,Rookie,Virus,Dark,5,1,950,86,105,79,85,86,http://digidb.io/images/dot/dot063.png
21,Armadillomon,Rookie,Free,Earth,4,1,1160,85,67,111,65,72,http://digidb.io/images/dot/dot707.png
22,Impmon,Rookie,Virus,Dark,5,1,530,114,83,65,114,102,http://digidb.io/images/dot/dot081.png
23,Elecmon,Rookie,Data,Electric,4,1,930,93,82,79,79,90,http://digidb.io/images/dot/dot564.png
24,Otamamon,Rookie,Virus,Water,4,1,930,105,52,75,113,78,http://digidb.io/images/dot/dot582.png
25,Gaomon,Rookie,Data,Neutral,5,1,1030,69,118,74,66,101,http://digidb.io/images/dot/dot055.png
26,Gazimon,Rookie,Virus,Dark,4,1,970,71,123,64,59,102,http://digidb.io/images/dot/dot569.png
27,Gabumon,Rookie,Data,Fire,5,1,980,88,94,81,79,91,http://digidb.io/images/dot/dot151.png
28,Gabumon (Blk),Rookie,Virus,Fire,5,1,950,83,99,89,74,91,http://digidb.io/images/dot/dot713.png
29,Guilmon,Rookie,Virus,Fire,5,1,1050,69,133,74,54,101,http://digidb.io/images/dot/dot090.png
30,Kudamon,Rookie,Vaccine,Light,5,1,590,128,53,74,117,105,http://digidb.io/images/dot/dot053.png
31,Keramon,Rookie,Free,Dark,5,1,1030,74,123,69,61,101,http://digidb.io/images/dot/dot626.png
32,Gotsumon,Rookie,Data,Earth,5,1,790,79,93,118,90,72,http://digidb.io/images/dot/dot595.png
33,Goblimon,Rookie,Virus,Earth,4,1,1050,51,115,110,51,84,http://digidb.io/images/dot/dot111.png
34,Gomamon,Rookie,Vaccine,Water,5,1,1160,69,93,93,81,79,http://digidb.io/images/dot/dot343.png
35,Syakomon,Rookie,Virus,Water,4,1,870,100,53,86,112,78,http://digidb.io/images/dot/dot709.png
36,Zubamon,Rookie,Vaccine,Neutral,5,1,1010,57,126,111,54,87,http://digidb.io/images/dot/dot697.png
37,Solarmon,Rookie,Vaccine,Light,4,1,1030,88,69,108,71,77,http://digidb.io/images/dot/dot728.png
38,Chuumon,Rookie,Virus,Earth,4,1,700,91,87,73,85,111,http://digidb.io/images/dot/dot020.png
39,Terriermon,Rookie,Vaccine,Wind,4,1,690,93,84,75,84,112,http://digidb.io/images/dot/dot701.png
40,Tentomon,Rookie,Vaccine,Plant,4,1,750,79,86,110,93,73,http://digidb.io/images/dot/dot303.png
41,ToyAgumon,Rookie,Vaccine,Neutral,4,1,1110,87,72,112,63,71,http://digidb.io/images/dot/dot708.png
42,Dracmon,Rookie,Virus,Dark,5,1,870,81,108,88,83,84,http://digidb.io/images/dot/dot457.png
43,Dracomon,Rookie,Data,Fire,5,1,980,69,132,89,49,99,http://digidb.io/images/dot/dot208.png
44,Dorumon,Rookie,Data,Neutral,5,1,1020,65,128,79,56,101,http://digidb.io/images/dot/dot112.png
45,Hagurumon,Rookie,Virus,Electric,4,1,1090,91,66,110,69,71,http://digidb.io/images/dot/dot009.png
46,Patamon,Rookie,Data,Wind,4,1,880,93,79,74,92,90,http://digidb.io/images/dot/dot096.png
47,Hackmon,Rookie,Data,Fire,5,1,1030,59,118,108,63,85,http://digidb.io/images/dot/dot687.png
48,Palmon,Rookie,Data,Plant,5,1,1140,65,103,90,80,79,http://digidb.io/images/dot/dot348.png
49,DemiDevimon,Rookie,Virus,Dark,4,1,650,87,89,76,89,111,http://digidb.io/images/dot/dot097.png
50,Biyomon,Rookie,Vaccine,Wind,4,1,830,93,85,79,85,91,http://digidb.io/images/dot/dot307.png
51,Falcomon,Rookie,Vaccine,Wind,5,1,740,93,94,79,79,113,http://digidb.io/images/dot/dot705.png
52,FanBeemon,Rookie,Virus,Plant,4,1,860,69,104,86,73,98,http://digidb.io/images/dot/dot042.png
53,Veemon,Rookie,Free,Neutral,5,1,1040,74,130,74,53,101,http://digidb.io/images/dot/dot114.png
54,Salamon,Rookie,Vaccine,Light,4,1,540,118,59,69,119,97,http://digidb.io/images/dot/dot361.png
55,Betamon,Rookie,Virus,Water,4,1,870,101,61,76,113,78,http://digidb.io/images/dot/dot389.png
56,Hawkmon,Rookie,Free,Wind,5,1,690,88,99,79,83,114,http://digidb.io/images/dot/dot706.png
57,Mushroomon,Rookie,Virus,Plant,4,1,1110,64,96,88,79,78,http://digidb.io/images/dot/dot607.png
58,Monodramon,Rookie,Vaccine,Neutral,4,1,1040,54,128,100,51,79,http://digidb.io/images/dot/dot458.png
59,Lalamon,Rookie,Data,Plant,4,1,1100,74,87,87,79,79,http://digidb.io/images/dot/dot056.png
60,Lucemon,Rookie,Vaccine,Light,14,1,1230,148,59,104,208,119,http://digidb.io/images/dot/dot390.png
61,Lunamon,Rookie,Data,Water,5,1,890,94,89,76,101,82,http://digidb.io/images/dot/dot002.png
62,Renamon,Rookie,Data,Plant,5,1,930,93,89,74,89,93,http://digidb.io/images/dot/dot391.png
63,Lopmon,Rookie,Data,Earth,4,1,790,79,103,68,103,85,http://digidb.io/images/dot/dot750.png
64,Wormmon,Rookie,Free,Plant,4,1,760,76,92,111,90,71,http://digidb.io/images/dot/dot392.png
65,IceDevimon,Champion,Virus,Water,8,1,990,94,140,89,118,92,http://digidb.io/images/dot/dot730.png
66,Icemon,Champion,Data,Water,6,2,940,87,108,132,106,84,http://digidb.io/images/dot/dot758.png
67,Aquilamon,Champion,Free,Wind,8,1,840,108,109,89,89,143,http://digidb.io/images/dot/dot015.png
68,Agunimon,Champion,Free,Fire,8,1,1130,88,134,93,84,119,http://digidb.io/images/dot/dot676.png
69,Arcadiamon Champion,Champion,Virus,Dark,8,1,1130,98,139,84,89,108,http://digidb.io/images/dot/dot064.png
70,Ankylomon,Champion,Free,Earth,6,2,1330,98,89,133,79,79,http://digidb.io/images/dot/dot711.png
71,Ikkakumon,Champion,Vaccine,Water,8,1,1330,84,118,102,94,90,http://digidb.io/images/dot/dot344.png
72,Wizardmon,Champion,Data,Dark,8,1,690,138,74,79,143,118,http://digidb.io/images/dot/dot377.png
73,Lobomon,Champion,Free,Light,8,1,1180,79,143,95,69,117,http://digidb.io/images/dot/dot680.png
74,Woodmon,Champion,Virus,Plant,6,2,1480,74,109,103,89,88,http://digidb.io/images/dot/dot393.png
75,Airdramon,Champion,Vaccine,Wind,6,2,1040,77,126,100,86,118,http://digidb.io/images/dot/dot011.png
76,ExVeemon,Champion,Free,Neutral,8,1,1030,118,104,94,94,118,http://digidb.io/images/dot/dot365.png
77,Angemon,Champion,Vaccine,Light,8,1,940,94,128,89,128,99,http://digidb.io/images/dot/dot087.png
78,Ogremon,Champion,Virus,Earth,8,1,1230,64,155,118,64,97,http://digidb.io/images/dot/dot394.png
79,Guardromon,Champion,Virus,Electric,6,2,990,84,108,138,103,79,http://digidb.io/images/dot/dot341.png
80,Guardromon (Gold),Champion,Free,Electric,6,2,1130,83,99,168,96,62,http://digidb.io/images/dot/dot760.png
81,GaoGamon,Champion,Data,Wind,8,1,740,108,109,94,99,138,http://digidb.io/images/dot/dot068.png
82,Kabuterimon,Champion,Vaccine,Plant,6,2,890,89,108,128,116,81,http://digidb.io/images/dot/dot304.png
83,ShellNumemon,Champion,Virus,Water,6,2,1280,103,79,148,74,79,http://digidb.io/images/dot/dot455.png
84,Gargomon,Champion,Vaccine,Electric,6,2,1030,103,109,99,89,108,http://digidb.io/images/dot/dot710.png
85,Garurumon,Champion,Vaccine,Fire,8,1,890,108,99,94,94,138,http://digidb.io/images/dot/dot012.png
86,Garurumon (Blk),Champion,Virus,Fire,8,1,890,108,109,104,79,133,http://digidb.io/images/dot/dot714.png
87,Kyubimon,Champion,Data,Fire,8,1,740,138,59,84,138,128,http://digidb.io/images/dot/dot395.png
88,Growlmon,Champion,Virus,Fire,8,1,1180,79,143,113,69,109,http://digidb.io/images/dot/dot078.png
89,Kurisarimon,Champion,Free,Dark,8,1,1280,84,153,79,64,113,http://digidb.io/images/dot/dot630.png
90,Greymon,Champion,Vaccine,Fire,8,1,1230,74,148,118,64,104,http://digidb.io/images/dot/dot326.png
91,Greymon (Blue),Champion,Virus,Fire,8,1,1280,74,153,118,59,99,http://digidb.io/images/dot/dot712.png
92,Clockmon,Champion,Data,Electric,6,2,1030,118,64,101,133,92,http://digidb.io/images/dot/dot398.png
93,Kuwagamon,Champion,Virus,Plant,6,2,1180,69,153,113,59,99,http://digidb.io/images/dot/dot367.png
94,Gekomon,Champion,Virus,Water,6,2,1130,123,68,89,128,90,http://digidb.io/images/dot/dot399.png
95,Geremon,Champion,Virus,Electric,6,2,1380,99,104,128,64,78,http://digidb.io/images/dot/dot729.png
96,Coredramon (Blue),Champion,Vaccine,Wind,8,1,1230,76,151,103,69,109,http://digidb.io/images/dot/dot218.png
97,Coredramon (Green),Champion,Virus,Earth,8,1,1230,74,151,99,61,123,http://digidb.io/images/dot/dot209.png
98,GoldNumemon,Champion,Virus,Light,6,2,1130,124,59,84,143,88,http://digidb.io/images/dot/dot113.png
99,Golemon,Champion,Virus,Earth,6,2,1430,79,121,132,62,74,http://digidb.io/images/dot/dot005.png
100,Cyclonemon,Champion,Virus,Earth,6,2,940,84,131,128,93,81,http://digidb.io/images/dot/dot452.png
101,Sangloupmon,Champion,Virus,Dark,6,2,1180,85,123,91,90,104,http://digidb.io/images/dot/dot030.png
102,Sunflowmon,Champion,Data,Plant,6,2,1180,113,64,89,141,86,http://digidb.io/images/dot/dot058.png
103,Seadramon,Champion,Data,Water,6,2,1080,118,64,99,134,88,http://digidb.io/images/dot/dot347.png
104,Coelamon,Champion,Data,Water,6,2,1290,79,113,105,90,96,http://digidb.io/images/dot/dot130.png
105,GeoGreymon,Champion,Vaccine,Fire,8,1,1330,89,143,84,64,118,http://digidb.io/images/dot/dot054.png
106,Sukamon,Champion,Virus,Earth,6,2,1430,98,89,133,69,79,http://digidb.io/images/dot/dot313.png
107,Starmon,Champion,Data,Neutral,6,2,1080,98,104,109,91,101,http://digidb.io/images/dot/dot014.png
108,Stingmon,Champion,Free,Plant,8,1,1130,84,143,74,74,133,http://digidb.io/images/dot/dot091.png
109,Strikedramon,Champion,Vaccine,Earth,6,2,1150,72,151,87,68,118,http://digidb.io/images/dot/dot016.png
110,Zubaeagermon,Champion,Vaccine,Neutral,8,1,1160,67,148,126,63,111,http://digidb.io/images/dot/dot698.png
111,Socerimon,Champion,Vaccine,Water,8,1,1030,123,64,93,148,90,http://digidb.io/images/dot/dot755.png
112,Tankmon,Champion,Data,Electric,6,2,940,84,113,141,98,81,http://digidb.io/images/dot/dot621.png
113,MudFrigimon,Champion,Data,Earth,6,2,1190,96,101,99,97,99,http://digidb.io/images/dot/dot759.png
114,Tyrannomon,Champion,Data,Fire,6,2,1230,59,148,125,59,97,http://digidb.io/images/dot/dot363.png
115,Gatomon,Champion,Vaccine,Light,8,1,640,143,69,79,143,123,http://digidb.io/images/dot/dot092.png
116,Devimon,Champion,Virus,Dark,8,1,990,94,133,84,125,97,http://digidb.io/images/dot/dot093.png
117,Turuiemon,Champion,Data,Earth,6,2,1140,78,130,91,78,120,http://digidb.io/images/dot/dot102.png
118,Togemon,Champion,Data,Plant,8,1,1330,84,108,113,93,90,http://digidb.io/images/dot/dot349.png
119,Dorugamon,Champion,Data,Earth,8,1,1180,84,138,89,69,123,http://digidb.io/images/dot/dot396.png
120,Nanimon,Champion,Virus,Earth,6,2,1070,84,108,133,98,81,http://digidb.io/images/dot/dot375.png
121,Numemon,Champion,Virus,Earth,6,2,1380,99,84,138,69,83,http://digidb.io/images/dot/dot070.png
122,Birdramon,Champion,Vaccine,Fire,8,1,940,113,94,84,109,128,http://digidb.io/images/dot/dot308.png
123,BaoHuckmon,Champion,Data,Fire,8,1,990,96,116,117,90,113,http://digidb.io/images/dot/dot115.png
124,Bakemon,Champion,Virus,Dark,6,2,590,148,64,74,138,128,http://digidb.io/images/dot/dot013.png
125,Veedramon,Champion,Vaccine,Wind,8,1,1180,84,138,113,64,114,http://digidb.io/images/dot/dot397.png
126,Hudiemon,Champion,Free,Plant,8,1,980,111,109,85,113,115,http://digidb.io/images/dot/dot022.png
127,PlatinumSukamon,Champion,Virus,Neutral,6,2,450,98,84,999,50,103,http://digidb.io/images/dot/dot752.png
128,BlackGatomon,Champion,Virus,Dark,8,1,690,133,84,84,133,118,http://digidb.io/images/dot/dot043.png
129,Vegiemon,Champion,Virus,Plant,6,2,1380,79,113,106,87,88,http://digidb.io/images/dot/dot314.png
130,Peckmon,Champion,Vaccine,Wind,8,1,790,113,104,84,94,148,http://digidb.io/images/dot/dot702.png
131,Meramon,Champion,Data,Fire,6,2,1130,69,138,113,79,99,http://digidb.io/images/dot/dot010.png
132,Monochromon,Champion,Data,Earth,6,2,1030,76,135,128,77,92,http://digidb.io/images/dot/dot369.png
133,Frigimon,Champion,Vaccine,Water,6,2,1380,83,103,98,99,90,http://digidb.io/images/dot/dot370.png
134,Unimon,Champion,Vaccine,Wind,6,2,790,123,84,79,128,118,http://digidb.io/images/dot/dot548.png
135,Raptordramon,Champion,Vaccine,Neutral,6,2,1130,83,131,101,83,100,http://digidb.io/images/dot/dot025.png
136,Raremon,Champion,Virus,Earth,6,2,1330,83,105,100,88,103,http://digidb.io/images/dot/dot590.png
137,Leomon,Champion,Vaccine,Earth,8,1,1180,69,143,123,71,97,http://digidb.io/images/dot/dot072.png
138,Lekismon,Champion,Data,Water,6,2,790,113,94,84,99,143,http://digidb.io/images/dot/dot003.png
139,Reppamon,Champion,Vaccine,Light,8,1,790,118,94,99,99,143,http://digidb.io/images/dot/dot077.png
140,Waspmon,Champion,Virus,Electric,6,2,1180,74,133,99,74,113,http://digidb.io/images/dot/dot454.png
141,MegaKabuterimon,Ultimate,Vaccine,Plant,12,2,1430,115,94,163,109,92,http://digidb.io/images/dot/dot305.png
142,Arcadiamon Ultimate,Ultimate,Virus,Dark,14,3,1130,120,157,99,119,138,http://digidb.io/images/dot/dot065.png
143,Antylamon,Ultimate,Data,Neutral,12,3,940,123,124,109,114,168,http://digidb.io/images/dot/dot731.png
144,Andromon,Ultimate,Vaccine,Electric,12,3,1040,94,133,157,133,95,http://digidb.io/images/dot/dot342.png
145,Meteormon,Ultimate,Data,Earth,12,3,1090,104,123,163,128,89,http://digidb.io/images/dot/dot756.png
146,Infermon,Ultimate,Free,Dark,14,3,1330,99,198,89,74,153,http://digidb.io/images/dot/dot627.png
147,Myotismon,Ultimate,Virus,Dark,14,3,1290,113,148,99,148,110,http://digidb.io/images/dot/dot085.png
148,Wingdramon,Ultimate,Vaccine,Wind,14,3,1380,89,163,109,89,158,http://digidb.io/images/dot/dot210.png
149,BurningGreymon,Ultimate,Free,Fire,14,3,1260,98,169,131,95,128,http://digidb.io/images/dot/dot679.png
150,AeroVeedramon,Ultimate,Vaccine,Wind,14,1,1430,94,163,99,94,153,http://digidb.io/images/dot/dot400.png
151,Etemon,Ultimate,Virus,Dark,12,3,1130,133,104,119,129,133,http://digidb.io/images/dot/dot311.png
152,Angewomon,Ultimate,Vaccine,Light,14,3,890,163,69,94,188,143,http://digidb.io/images/dot/dot148.png
153,Okuwamon,Ultimate,Virus,Plant,12,3,1330,74,158,158,74,119,http://digidb.io/images/dot/dot401.png
154,Garudamon,Ultimate,Vaccine,Fire,12,3,1040,123,124,109,129,143,http://digidb.io/images/dot/dot309.png
155,KendoGarurumon,Ultimate,Free,Light,14,2,1410,105,144,128,104,124,http://digidb.io/images/dot/dot681.png
156,Gigadramon,Ultimate,Virus,Wind,12,3,1240,94,137,148,113,100,http://digidb.io/images/dot/dot402.png
157,CatchMamemon,Ultimate,Data,Electric,10,3,1420,109,123,134,95,104,http://digidb.io/images/dot/dot044.png
158,CannonBeemon,Ultimate,Virus,Electric,12,3,990,123,129,139,99,143,http://digidb.io/images/dot/dot727.png
159,Groundramon,Ultimate,Virus,Earth,14,3,1430,84,198,143,74,104,http://digidb.io/images/dot/dot211.png
160,GrapLeomon,Ultimate,Vaccine,Electric,12,3,1580,89,163,99,79,143,http://digidb.io/images/dot/dot403.png
161,Grademon,Ultimate,Vaccine,Neutral,12,3,1290,97,173,89,100,144,http://digidb.io/images/dot/dot026.png
162,Crescemon,Ultimate,Data,Water,12,3,1180,133,124,103,139,114,http://digidb.io/images/dot/dot004.png
163,Cyberdramon,Ultimate,Vaccine,Dark,14,2,1480,81,173,143,79,122,http://digidb.io/images/dot/dot719.png
164,Shakkoumon,Ultimate,Free,Light,14,3,1530,135,84,158,139,92,http://digidb.io/images/dot/dot723.png
165,Cherrymon,Ultimate,Virus,Plant,12,3,1630,108,113,133,114,100,http://digidb.io/images/dot/dot379.png
166,Silphymon,Ultimate,Free,Wind,14,3,1040,138,119,119,124,158,http://digidb.io/images/dot/dot720.png
167,SuperStarmon,Ultimate,Data,Light,12,3,1180,128,122,134,109,120,http://digidb.io/images/dot/dot079.png
168,SkullGreymon,Ultimate,Virus,Dark,14,3,1230,79,203,153,69,119,http://digidb.io/images/dot/dot404.png
169,SkullSatamon,Ultimate,Virus,Dark,12,3,1210,103,141,101,132,118,http://digidb.io/images/dot/dot006.png
170,Zudomon,Ultimate,Vaccine,Water,12,2,1630,84,150,128,104,102,http://digidb.io/images/dot/dot345.png
171,SaviorHuckmon,Ultimate,Data,Fire,14,3,1380,94,163,128,79,144,http://digidb.io/images/dot/dot116.png
172,Taomon,Ultimate,Data,Dark,12,3,990,148,69,104,173,138,http://digidb.io/images/dot/dot405.png
173,Dragomon,Ultimate,Virus,Water,12,3,1280,115,126,111,137,99,http://digidb.io/images/dot/dot129.png
174,Chirinmon,Ultimate,Vaccine,Light,14,3,940,133,124,119,124,168,http://digidb.io/images/dot/dot084.png
175,Dinobeemon,Ultimate,Free,Plant,14,3,1330,94,193,124,84,133,http://digidb.io/images/dot/dot023.png
176,Digitamamon,Ultimate,Data,Neutral,12,3,1380,89,128,148,111,102,http://digidb.io/images/dot/dot374.png
177,SkullMeramon,Ultimate,Data,Fire,12,3,1530,79,183,133,70,113,http://digidb.io/images/dot/dot406.png
178,Duramon,Ultimate,Vaccine,Neutral,14,3,1460,81,175,146,79,119,http://digidb.io/images/dot/dot699.png
179,ShogunGekomon,Ultimate,Virus,Water,12,3,1980,96,113,113,99,97,http://digidb.io/images/dot/dot376.png
180,Triceramon,Ultimate,Data,Earth,12,3,1180,89,148,168,94,99,http://digidb.io/images/dot/dot033.png
181,DoruGreymon,Ultimate,Data,Fire,14,3,1480,84,161,153,84,116,http://digidb.io/images/dot/dot407.png
182,Knightmon,Ultimate,Data,Neutral,12,3,1140,109,135,158,123,92,http://digidb.io/images/dot/dot718.png
183,Datamon,Ultimate,Virus,Electric,12,3,1180,133,74,114,175,102,http://digidb.io/images/dot/dot576.png
184,Paildramon,Ultimate,Free,Neutral,14,3,1280,133,139,124,109,128,http://digidb.io/images/dot/dot408.png
185,Panjyamon,Ultimate,Vaccine,Water,12,3,1280,128,124,114,111,126,http://digidb.io/images/dot/dot409.png
186,Pandamon,Ultimate,Data,Earth,12,3,1090,104,135,153,118,97,http://digidb.io/images/dot/dot041.png
187,Pumpkinmon,Ultimate,Data,Earth,10,3,1480,97,123,108,119,111,http://digidb.io/images/dot/dot596.png
188,Piximon,Ultimate,Data,Light,12,3,990,123,104,104,134,153,http://digidb.io/images/dot/dot410.png
189,HippoGryphonmon,Ultimate,Data,Wind,12,3,990,138,107,82,143,148,http://digidb.io/images/dot/dot082.png
190,Phantomon,Ultimate,Virus,Dark,12,3,940,123,99,99,163,138,http://digidb.io/images/dot/dot584.png
191,BlackKingNumemon,Ultimate,Virus,Dark,10,3,1580,113,89,168,89,89,http://digidb.io/images/dot/dot753.png
192,BlueMeramon,Ultimate,Virus,Fire,12,3,1140,109,148,94,133,119,http://digidb.io/images/dot/dot177.png
193,Vademon,Ultimate,Virus,Dark,10,3,1130,165,64,94,173,97,http://digidb.io/images/dot/dot411.png
194,Whamon,Ultimate,Vaccine,Water,12,2,1680,93,123,123,124,100,http://digidb.io/images/dot/dot021.png
195,MagnaAngemon,Ultimate,Vaccine,Light,14,3,1180,143,98,119,163,105,http://digidb.io/images/dot/dot101.png
196,Volcanomon,Ultimate,Data,Fire,12,3,1530,82,158,119,69,125,http://digidb.io/images/dot/dot059.png
197,Matadormon,Ultimate,Virus,Dark,12,3,1480,94,148,93,104,144,http://digidb.io/images/dot/dot031.png
198,MachGaogamon,Ultimate,Data,Wind,12,3,1480,89,158,89,89,158,http://digidb.io/images/dot/dot074.png
199,Mamemon,Ultimate,Data,Earth,10,3,1480,113,111,153,84,97,http://digidb.io/images/dot/dot412.png
200,MegaSeadramon,Ultimate,Data,Water,12,3,1330,138,86,114,158,102,http://digidb.io/images/dot/dot132.png
201,Megadramon,Ultimate,Virus,Wind,12,3,1430,79,158,148,69,119,http://digidb.io/images/dot/dot301.png
202,WarGrowlmon,Ultimate,Virus,Fire,14,3,1430,84,178,138,87,116,http://digidb.io/images/dot/dot134.png
203,MetalGreymon,Ultimate,Vaccine,Fire,14,2,1530,84,168,148,80,113,http://digidb.io/images/dot/dot302.png
204,MetalGreymon (Blue),Ultimate,Virus,Fire,14,2,1670,84,173,143,69,110,http://digidb.io/images/dot/dot327.png
205,MetalTyrannomon,Ultimate,Virus,Electric,12,3,1090,104,130,178,118,92,http://digidb.io/images/dot/dot364.png
206,MetalMamemon,Ultimate,Data,Electric,10,3,1040,99,123,153,128,103,http://digidb.io/images/dot/dot413.png
207,Monzaemon,Ultimate,Vaccine,Neutral,12,2,1580,93,128,118,119,100,http://digidb.io/images/dot/dot061.png
208,Crowmon,Ultimate,Vaccine,Wind,12,3,890,128,119,104,119,173,http://digidb.io/images/dot/dot721.png
209,RizeGreymon,Ultimate,Vaccine,Fire,14,3,1530,94,178,109,69,143,http://digidb.io/images/dot/dot071.png
210,Lilamon,Ultimate,Data,Plant,12,3,1280,148,69,104,168,114,http://digidb.io/images/dot/dot073.png
211,Rapidmon,Ultimate,Vaccine,Electric,12,3,1180,113,114,109,119,143,http://digidb.io/images/dot/dot722.png
212,Lillymon,Ultimate,Data,Plant,12,3,890,153,74,94,163,158,http://digidb.io/images/dot/dot359.png
213,Lucemon FM,Ultimate,Virus,Neutral,22,2,1390,139,163,114,203,139,http://digidb.io/images/dot/dot039.png
214,LadyDevimon,Ultimate,Virus,Dark,14,3,890,163,99,94,158,143,http://digidb.io/images/dot/dot107.png
215,WereGarurumon,Ultimate,Vaccine,Earth,12,3,1430,89,178,89,79,153,http://digidb.io/images/dot/dot140.png
216,WereGarurumon (Blk),Ultimate,Virus,Earth,12,3,1480,79,183,104,69,148,http://digidb.io/images/dot/dot715.png
217,Wisemon,Ultimate,Virus,Dark,12,3,790,168,69,84,198,133,http://digidb.io/images/dot/dot726.png
218,Arcadiamon Mega,Mega,Virus,Dark,20,2,1410,153,196,109,119,163,http://digidb.io/images/dot/dot066.png
219,Alphamon,Mega,Vaccine,Neutral,22,1,1390,128,158,183,158,130,http://digidb.io/images/dot/dot416.png
220,UlforceVeedramon,Mega,Vaccine,Wind,22,1,1680,129,188,109,104,198,http://digidb.io/images/dot/dot417.png
221,Ebemon,Mega,Virus,Electric,16,3,1230,178,74,114,198,129,http://digidb.io/images/dot/dot451.png
222,Imperialdramon DM,Mega,Free,Fire,20,2,1730,143,139,139,139,148,http://digidb.io/images/dot/dot732.png
223,Imperialdramon FM,Mega,Free,Neutral,20,2,1780,114,198,124,114,153,http://digidb.io/images/dot/dot419.png
224,Vikemon,Mega,Free,Water,18,3,1780,105,158,143,129,133,http://digidb.io/images/dot/dot346.png
225,Valkyrimon,Mega,Free,Wind,18,3,1330,139,148,129,129,168,http://digidb.io/images/dot/dot773.png
226,Varodurumon,Mega,Vaccine,Light,20,2,1580,164,103,94,189,173,http://digidb.io/images/dot/dot117.png
227,VenomMyotismon,Mega,Virus,Dark,20,3,1540,120,193,104,148,138,http://digidb.io/images/dot/dot600.png
228,WarGreymon,Mega,Vaccine,Fire,20,2,1630,98,193,163,99,140,http://digidb.io/images/dot/dot027.png
229,Ophanimon,Mega,Vaccine,Light,20,2,840,183,104,164,193,153,http://digidb.io/images/dot/dot421.png
230,Gaiomon,Mega,Virus,Fire,18,3,1630,99,203,129,94,158,http://digidb.io/images/dot/dot744.png
231,KaiserGreymon,Mega,Free,Fire,20,2,1640,99,206,151,123,139,http://digidb.io/images/dot/dot677.png
232,ChaosGallantmon,Mega,Virus,Dark,22,1,1340,139,178,139,163,144,http://digidb.io/images/dot/dot150.png
233,Chaosdramon,Mega,Virus,Electric,20,2,1630,99,203,173,109,134,http://digidb.io/images/dot/dot422.png
234,Gankoomon,Mega,Data,Fire,22,2,2080,90,188,163,109,138,http://digidb.io/images/dot/dot688.png
235,KingEtemon,Mega,Virus,Earth,18,3,1290,114,164,163,131,125,http://digidb.io/images/dot/dot127.png
236,Kuzuhamon,Mega,Data,Dark,18,3,1380,163,84,129,193,139,http://digidb.io/images/dot/dot754.png
237,GranKuwagamon,Mega,Virus,Plant,18,3,1530,88,178,178,89,140,http://digidb.io/images/dot/dot423.png
238,GranDracmon,Mega,Virus,Dark,20,2,1340,140,174,114,169,151,http://digidb.io/images/dot/dot032.png
239,GroundLocomon,Mega,Data,Electric,18,3,1140,114,144,213,133,128,http://digidb.io/images/dot/dot704.png
240,Gryphonmon,Mega,Data,Wind,18,3,1260,129,164,104,130,173,http://digidb.io/images/dot/dot083.png
241,Craniamon,Mega,Vaccine,Earth,22,1,1630,143,124,208,134,124,http://digidb.io/images/dot/dot734.png
242,Kerpymon (Blk),Mega,Virus,Dark,20,3,1290,188,94,94,223,153,http://digidb.io/images/dot/dot774.png
243,Kerpymon (Good),Mega,Vaccine,Light,20,2,1290,188,94,104,208,158,http://digidb.io/images/dot/dot735.png
244,Goldramon,Mega,Vaccine,Light,20,2,1680,99,193,149,134,138,http://digidb.io/images/dot/dot048.png
245,SaberLeomon,Mega,Data,Wind,18,3,1680,99,228,104,84,163,http://digidb.io/images/dot/dot424.png
246,Sakuyamon,Mega,Data,Light,18,3,990,178,94,114,188,173,http://digidb.io/images/dot/dot425.png
247,Jesmon,Mega,Data,Neutral,22,2,1480,119,198,149,114,168,http://digidb.io/images/dot/dot749.png
248,ShineGreymon,Mega,Vaccine,Light,20,2,1880,114,203,109,84,158,http://digidb.io/images/dot/dot094.png
249,ShineGreymon BM,Mega,Vaccine,Fire,22,2,1980,114,228,104,84,168,http://digidb.io/images/dot/dot776.png
250,Justimon,Mega,Vaccine,Light,18,3,1530,99,193,158,99,144,http://digidb.io/images/dot/dot737.png
251,Kentaurosmon,Mega,Vaccine,Light,22,1,1140,153,139,154,154,183,http://digidb.io/images/dot/dot086.png
252,Slayerdramon,Mega,Vaccine,Wind,20,2,1530,148,169,129,129,153,http://digidb.io/images/dot/dot213.png
253,Seraphimon,Mega,Vaccine,Light,20,2,1480,162,94,144,198,135,http://digidb.io/images/dot/dot315.png
254,MegaGargomon,Mega,Vaccine,Electric,18,3,1430,132,149,139,119,144,http://digidb.io/images/dot/dot741.png
255,Darkdramon,Mega,Virus,Electric,18,3,1580,94,188,148,99,139,http://digidb.io/images/dot/dot771.png
256,TigerVespamon,Mega,Virus,Electric,18,3,1630,104,193,114,99,173,http://digidb.io/images/dot/dot745.png
257,Titamon,Mega,Virus,Earth,18,3,1930,99,183,128,114,129,http://digidb.io/images/dot/dot440.png
258,TyrantKabuterimon,Mega,Virus,Plant,20,2,1530,108,174,164,123,159,http://digidb.io/images/dot/dot128.png
259,Dianamon,Mega,Data,Water,20,3,790,178,89,154,198,183,http://digidb.io/images/dot/dot733.png
260,Diaboromon,Mega,Free,Dark,20,2,1680,114,243,104,79,173,http://digidb.io/images/dot/dot632.png
261,Creepymon,Mega,Virus,Dark,22,2,1440,133,183,114,183,140,http://digidb.io/images/dot/dot038.png
262,Gallantmon,Mega,Virus,Light,22,1,1480,148,149,154,149,148,http://digidb.io/images/dot/dot126.png
263,Dynasmon,Mega,Data,Wind,22,2,1680,114,213,129,94,178,http://digidb.io/images/dot/dot738.png
264,Durandamon,Mega,Vaccine,Neutral,20,2,1660,92,193,175,95,135,http://digidb.io/images/dot/dot700.png
265,Leopardmon,Mega,Data,Light,22,3,990,188,124,114,183,188,http://digidb.io/images/dot/dot739.png
266,Leopardmon LM,Mega,Data,Earth,25,3,1290,153,159,129,139,218,http://digidb.io/images/dot/dot743.png
267,Dorugoramon,Mega,Data,Dark,18,2,1640,91,225,134,88,145,http://digidb.io/images/dot/dot019.png
268,Neptunemon,Mega,Vaccine,Water,20,2,1440,137,158,130,173,139,http://digidb.io/images/dot/dot075.png
269,HiAndromon,Mega,Vaccine,Electric,18,3,1190,114,153,178,138,124,http://digidb.io/images/dot/dot426.png
270,PileVolcamon,Mega,Data,Fire,18,2,1330,109,173,163,111,137,http://digidb.io/images/dot/dot060.png
271,Barbamon,Mega,Virus,Dark,22,2,1330,184,84,129,233,133,http://digidb.io/images/dot/dot036.png
272,BanchoLeomon,Mega,Vaccine,Earth,18,3,1630,84,193,188,80,138,http://digidb.io/images/dot/dot049.png
273,Piedmon,Mega,Virus,Dark,18,3,890,178,129,104,183,163,http://digidb.io/images/dot/dot427.png
274,Puppetmon,Mega,Virus,Plant,18,3,1140,114,163,163,148,124,http://digidb.io/images/dot/dot428.png
275,PlatinumNumemon,Mega,Virus,Neutral,16,3,450,132,99,999,50,144,http://digidb.io/images/dot/dot069.png
276,BlackWarGreymon,Mega,Virus,Fire,20,2,1730,93,183,178,89,140,http://digidb.io/images/dot/dot175.png
277,PrinceMamemon,Mega,Data,Neutral,16,3,1630,137,104,173,109,130,http://digidb.io/images/dot/dot429.png
278,Breakdramon,Mega,Virus,Earth,20,2,1880,89,213,168,94,129,http://digidb.io/images/dot/dot214.png
279,Plesiomon,Mega,Data,Water,18,3,1680,153,74,114,188,129,http://digidb.io/images/dot/dot450.png
280,HerculesKabuterimon,Mega,Vaccine,Plant,18,3,1680,128,114,168,124,124,http://digidb.io/images/dot/dot306.png
281,Beelzemon,Mega,Virus,Dark,22,1,1680,114,228,119,99,168,http://digidb.io/images/dot/dot035.png
282,Beelzemon BM,Mega,Virus,Dark,25,2,1680,114,238,124,104,178,http://digidb.io/images/dot/dot775.png
283,Belphemon SM,Mega,Virus,Dark,22,1,1730,178,89,114,203,139,http://digidb.io/images/dot/dot439.png
284,Hououmon,Mega,Vaccine,Fire,18,3,1390,173,84,99,193,158,http://digidb.io/images/dot/dot310.png
285,Magnadramon,Mega,Vaccine,Light,20,2,1880,168,89,124,183,129,http://digidb.io/images/dot/dot453.png
286,Boltmon,Mega,Data,Electric,18,3,1580,83,198,163,84,140,http://digidb.io/images/dot/dot431.png
287,MagnaGarurumon,Mega,Free,Light,18,3,1480,122,175,104,114,183,http://digidb.io/images/dot/dot678.png
288,MagnaGarurumon (SV),Mega,Free,Light,18,3,1020,138,163,107,119,218,http://digidb.io/images/dot/dot675.png
289,Mastemon,Mega,Vaccine,Neutral,22,1,1340,144,173,134,173,149,http://digidb.io/images/dot/dot748.png
290,MarineAngemon,Mega,Vaccine,Water,18,3,1190,198,64,89,203,153,http://digidb.io/images/dot/dot024.png
291,Minervamon,Mega,Virus,Neutral,20,3,1580,114,208,114,119,168,http://digidb.io/images/dot/dot747.png
292,MirageGaogamon,Mega,Data,Wind,18,3,1480,114,183,114,109,178,http://digidb.io/images/dot/dot095.png
293,MirageGaogamon BM,Mega,Data,Light,20,3,1440,124,178,104,158,174,http://digidb.io/images/dot/dot777.png
294,Machinedramon,Mega,Virus,Electric,18,3,1240,114,173,183,128,124,http://digidb.io/images/dot/dot385.png
295,Megidramon,Mega,Virus,Fire,20,2,1690,120,199,132,109,153,http://digidb.io/images/dot/dot047.png
296,MetalEtemon,Mega,Virus,Earth,18,3,1630,128,134,188,89,124,http://digidb.io/images/dot/dot312.png
297,MetalGarurumon,Mega,Data,Water,18,3,1140,143,154,129,129,178,http://digidb.io/images/dot/dot135.png
298,MetalGarurumon (Blk),Mega,Virus,Electric,18,3,1190,128,163,173,133,130,http://digidb.io/images/dot/dot182.png
299,MetalSeadramon,Mega,Data,Water,18,3,1430,148,99,139,168,129,http://digidb.io/images/dot/dot434.png
300,Merukimon,Mega,Virus,Wind,20,2,1320,115,178,138,141,177,http://digidb.io/images/dot/dot080.png
301,RustTyranomon,Mega,Virus,Electric,18,3,1680,83,218,163,74,140,http://digidb.io/images/dot/dot383.png
302,Leviamon,Mega,Virus,Water,22,1,1730,120,168,158,144,133,http://digidb.io/images/dot/dot037.png
303,Lilithmon,Mega,Virus,Dark,22,2,940,203,99,104,223,173,http://digidb.io/images/dot/dot034.png
304,Ravemon,Mega,Vaccine,Wind,18,3,1040,143,139,119,139,203,http://digidb.io/images/dot/dot740.png
305,Ravemon BM,Mega,Vaccine,Wind,20,2,1040,133,149,139,144,213,http://digidb.io/images/dot/dot778.png
306,Crusadermon,Mega,Virus,Dark,22,2,1240,153,144,139,144,193,http://digidb.io/images/dot/dot703.png
307,Rosemon,Mega,Data,Plant,18,3,1330,147,144,129,149,144,http://digidb.io/images/dot/dot057.png
308,Rosemon BM,Mega,Data,Plant,20,3,1480,143,149,139,159,143,http://digidb.io/images/dot/dot779.png
309,Lotosmon,Mega,Data,Plant,18,3,940,188,74,109,213,168,http://digidb.io/images/dot/dot742.png
310,Armageddemon,Ultra,Free,Dark,25,1,1760,114,255,133,84,164,http://digidb.io/images/dot/dot106.png
311,Arcadiamon Ultra,Ultra,Virus,Dark,25,2,1510,158,204,109,134,170,http://digidb.io/images/dot/dot067.png
312,Alphamon Ouryuken,Ultra,Vaccine,Neutral,25,1,1530,133,179,149,159,153,http://digidb.io/images/dot/dot766.png
313,Imperialdramon PM,Ultra,Vaccine,Light,25,2,1530,158,154,154,154,153,http://digidb.io/images/dot/dot420.png
314,Examon,Ultra,Data,Wind,25,2,1730,148,179,139,134,153,http://digidb.io/images/dot/dot215.png
315,Omnimon,Ultra,Vaccine,Light,25,2,1680,104,208,168,134,144,http://digidb.io/images/dot/dot088.png
316,Omnimon Zwart,Ultra,Vaccine,Dark,25,2,1490,139,153,193,158,134,http://digidb.io/images/dot/dot757.png
317,Chaosmon,Ultra,Vaccine,Neutral,25,3,1080,129,318,94,89,188,http://digidb.io/images/dot/dot772.png
318,Chaosmon VA,Ultra,Vaccine,Light,25,3,790,138,254,84,204,168,http://digidb.io/images/dot/dot118.png
319,Susanomon,Ultra,Vaccine,Light,25,1,1630,129,183,158,149,149,http://digidb.io/images/dot/dot104.png
320,Gallantmon CM,Ultra,Virus,Light,25,2,1480,139,203,124,139,173,http://digidb.io/images/dot/dot105.png
321,Belphemon RM,Ultra,Virus,Dark,25,2,1780,84,247,168,109,140,http://digidb.io/images/dot/dot040.png
322,Lucemon SM,Ultra,Virus,Dark,25,2,1490,173,89,124,233,158,http://digidb.io/images/dot/dot435.png
323,Flamedramon,Armor,Free,Fire,8,3,1130,93,119,99,89,138,http://digidb.io/images/dot/dot716.png
324,Magnamon,Armor,Free,Earth,22,2,1240,124,168,208,148,124,http://digidb.io/images/dot/dot382.png
325,Rapidmon (Armor),Armor,Vaccine,Light,18,3,1140,114,158,178,158,124,http://digidb.io/images/dot/dot751.png
326,Shoutmon,None,Free,Fire,5,1,1030,62,128,101,55,87,http://digidb.io/images/dot/dot682.png
327,OmniShoutmon,None,Free,Fire,20,2,1510,141,166,144,114,165,http://digidb.io/images/dot/dot683.png
328,Ryudamon,Rookie,Vaccine,Neutral,5,1,790,73,123,97,57,102,http://digidb.io/images/dot/dot190.png
329,Ginryumon,Champion,Vaccine,Neutral,8,1,970,86,135,114,71,118,http://digidb.io/images/dot/dot191.png
330,Hisyaryumon,Ultimate,Vaccine,Neutral,14,1,1200,89,183,157,74,123,http://digidb.io/images/dot/dot192.png
331,Ouryumon,Mega,Vaccine,Neutral,20,2,1350,104,221,179,84,158,http://digidb.io/images/dot/dot193.png
332,Apocalymon,Ultra,Free,Neutral,25,1,1890,173,89,104,183,188,http://digidb.io/images/dot/dot328.png
333,Sistermon Blanc,Rookie,Vaccine,Light,4,1,880,105,53,72,116,82,http://digidb.io/images/dot/dot781.png
334,Sistermon B (Awake.),Rookie,Vaccine,Light,18,2,1310,175,72,112,191,165,http://digidb.io/images/dot/dot782.png
335,Sistermon Ciel,Champion,Virus,Light,6,2,840,111,96,87,95,139,http://digidb.io/images/dot/dot783.png
336,Sistermon C (Awake.),Champion,Virus,Light,18,2,1550,114,188,102,114,173,http://digidb.io/images/dot/dot784.png
337,Alphamon NX,Mega,Vaccine,Neutral,6,1,980,104,109,114,109,116,http://digidb.io/images/dot/dot901.png
338,Crusadermon NX,Mega,Virus,Dark,6,1,1030,100,118,99,109,121,http://digidb.io/images/dot/dot902.png
339,Leopardmon NX,Mega,Data,Light,6,1,960,109,112,91,116,126,http://digidb.io/images/dot/dot903.png
340,Omnimon NX,Mega,Vaccine,Light,6,1,1010,98,116,111,111,113,http://digidb.io/images/dot/dot904.png
341,Gallantmon NX,Mega,Virus,Light,6,1,1070,93,122,109,111,108,http://digidb.io/images/dot/dot905.png
